{"_id" : 822085856483803137 , "_class" : "org.marble.commons.dao.model.StreamingStatus" , "streamingTopicId" : 27 , "createdAt" : { "$date" : "2017-01-19T14:18:36.000Z"} , "text" : "? CRUSHED VELVET ?\n\nOur dreamy MIA Velvet Bardot Top will carry you straight through to summer!?? https://t.co/1jvG4nCM0j" , "source" : "<a href=\"http://instagram.com\" rel=\"nofollow\">Instagram</a>" , "isTruncated" : false , "inReplyToStatusId" : -1 , "inReplyToUserId" : -1 , "isFavorited" : false , "isRetweeted" : false , "favoriteCount" : 0 , "geoLocation" : { "latitude" : 53.49084144 , "longitude" : -2.35122442} , "place" : { "_class" : "twitter4j.PlaceJSONImpl" , "_id" : "31fffbe34de66921" , "name" : "Salford" , "countryCode" : "GB" , "country" : "United Kingdom" , "placeType" : "city" , "url" : "https://api.twitter.com/1.1/geo/id/31fffbe34de66921.json" , "fullName" : "Salford, England" , "boundingBoxType" : "Polygon" , "boundingBoxCoordinates" : [ [ { "latitude" : 53.416348 , "longitude" : -2.454026} , { "latitude" : 53.534259 , "longitude" : -2.454026} , { "latitude" : 53.534259 , "longitude" : -2.245107} , { "latitude" : 53.416348 , "longitude" : -2.245107}]] , "accessLevel" : 0} , "retweetCount" : 0 , "isPossiblySensitive" : false , "lang" : "en" , "contributorsIDs" : [ ] , "userMentionEntities" : [ ] , "urlEntities" : [ { "url" : "https://t.co/1jvG4nCM0j" , "expandedURL" : "https://www.instagram.com/p/BPcvOnZDRHs/" , "displayURL" : "instagram.com/p/BPcvOnZDRHs/" , "start" : 98 , "end" : 121 , "_class" : "twitter4j.URLEntityJSONImpl"}] , "hashtagEntities" : [ ] , "symbolEntities" : [ ] , "currentUserRetweetId" : -1 , "user" : { "_class" : "twitter4j.UserJSONImpl" , "_id" : 1943707098 , "name" : "Esperar Boutique" , "screenName" : "EsperarBoutique" , "location" : "Manchester & Shrewsbury " , "description" : "The fashionista's secret Boutique & Glam Studio ? Celebrity style fashion & VIP service ? NAIL BAR ? MAKE-UP ? BLOW DRY BAR ?" , "descriptionURLEntities" : [ ] , "isContributorsEnabled" : false , "profileImageUrl" : "http://pbs.twimg.com/profile_images/794843729836331011/3XkBCoNm_normal.jpg" , "profileImageUrlHttps" : "https://pbs.twimg.com/profile_images/794843729836331011/3XkBCoNm_normal.jpg" , "isDefaultProfileImage" : false , "url" : "http://www.esperarboutique.co.uk" , "isProtected" : false , "followersCount" : 2632 , "profileBackgroundColor" : "7EE8D1" , "profileTextColor" : "BEF0D0" , "profileLinkColor" : "9DBE9E" , "profileSidebarFillColor" : "C4BD76" , "profileSidebarBorderColor" : "000000" , "profileUseBackgroundImage" : false , "isDefaultProfile" : false , "showAllInlineMedia" : false , "friendsCount" : 1164 , "createdAt" : { "$date" : "2013-10-07T10:55:49.000Z"} , "favouritesCount" : 195 , "utcOffset" : 0 , "timeZone" : "London" , "profileBackgroundImageUrl" : "http://pbs.twimg.com/profile_background_images/378800000089824184/f10cb3b1f7590fd9ac9118c7b5ccc876.png" , "profileBackgroundImageUrlHttps" : "https://pbs.twimg.com/profile_background_images/378800000089824184/f10cb3b1f7590fd9ac9118c7b5ccc876.png" , "profileBannerImageUrl" : "https://pbs.twimg.com/profile_banners/1943707098/1432545712" , "profileBackgroundTiled" : false , "lang" : "en-gb" , "statusesCount" : 13393 , "isGeoEnabled" : true , "isVerified" : false , "translator" : false , "listedCount" : 47 , "isFollowRequestSent" : false , "accessLevel" : 0}}
{ "_id" : 822085929485606912 , "_class" : "org.marble.commons.dao.model.StreamingStatus" , "streamingTopicId" : 27 , "createdAt" : { "$date" : "2017-01-19T14:18:53.000Z"} , "text" : "Nice crisp lager. #mbcf17 - Drinking a Helles Lager by @BrassCastleBeer at @mancbeerfest  ? https://t.co/ETj0zVuDGJ" , "source" : "<a href=\"https://untappd.com\" rel=\"nofollow\">Untappd</a>" , "isTruncated" : false , "inReplyToStatusId" : -1 , "inReplyToUserId" : -1 , "isFavorited" : false , "isRetweeted" : false , "favoriteCount" : 0 , "geoLocation" : { "latitude" : 53.4765 , "longitude" : -2.2465} , "place" : { "_class" : "twitter4j.PlaceJSONImpl" , "_id" : "315b740b108481f6" , "name" : "Manchester" , "countryCode" : "GB" , "country" : "United Kingdom" , "placeType" : "city" , "url" : "https://api.twitter.com/1.1/geo/id/315b740b108481f6.json" , "fullName" : "Manchester, England" , "boundingBoxType" : "Polygon" , "boundingBoxCoordinates" : [ [ { "latitude" : 53.343623 , "longitude" : -2.319934} , { "latitude" : 53.570282 , "longitude" : -2.319934} , { "latitude" : 53.570282 , "longitude" : -2.147026} , { "latitude" : 53.343623 , "longitude" : -2.147026}]] , "accessLevel" : 0} , "retweetCount" : 0 , "isPossiblySensitive" : false , "lang" : "en" , "contributorsIDs" : [ ] , "userMentionEntities" : [ { "_id" : 336981640 , "name" : "Brass Castle Brewery" , "screenName" : "BrassCastleBeer" , "start" : 55 , "end" : 71 , "_class" : "twitter4j.UserMentionEntityJSONImpl"} , { "_id" : 580459599 , "name" : "Manchester Beer Fest" , "screenName" : "MancBeerFest" , "start" : 75 , "end" : 88 , "_class" : "twitter4j.UserMentionEntityJSONImpl"}] , "urlEntities" : [ { "url" : "https://t.co/ETj0zVuDGJ" , "expandedURL" : "http://untp.beer/s/c407565677" , "displayURL" : "untp.beer/s/c407565677" , "start" : 92 , "end" : 115 , "_class" : "twitter4j.URLEntityJSONImpl"}] , "hashtagEntities" : [ { "text" : "mbcf17" , "start" : 18 , "end" : 25 , "_class" : "twitter4j.HashtagEntityJSONImpl"}] , "symbolEntities" : [ ] , "currentUserRetweetId" : -1 , "user" : { "_class" : "twitter4j.UserJSONImpl" , "_id" : 609331532 , "name" : "Jazzyjollyjaunt" , "screenName" : "jazzyjollyjaunt" , "location" : "Somewhere here!" , "descriptionURLEntities" : [ ] , "isContributorsEnabled" : false , "profileImageUrl" : "http://pbs.twimg.com/profile_images/794549793309753348/zJ_6B9Mv_normal.jpg" , "profileImageUrlHttps" : "https://pbs.twimg.com/profile_images/794549793309753348/zJ_6B9Mv_normal.jpg" , "isDefaultProfileImage" : false , "isProtected" : false , "followersCount" : 911 , "profileBackgroundColor" : "C0DEED" , "profileTextColor" : "333333" , "profileLinkColor" : "1DA1F2" , "profileSidebarFillColor" : "DDEEF6" , "profileSidebarBorderColor" : "C0DEED" , "profileUseBackgroundImage" : true , "isDefaultProfile" : true , "showAllInlineMedia" : false , "friendsCount" : 2352 , "createdAt" : { "$date" : "2012-06-15T18:35:35.000Z"} , "favouritesCount" : 2027 , "utcOffset" : -1 , "profileBackgroundImageUrl" : "http://abs.twimg.com/images/themes/theme1/bg.png" , "profileBackgroundImageUrlHttps" : "https://abs.twimg.com/images/themes/theme1/bg.png" , "profileBannerImageUrl" : "https://pbs.twimg.com/profile_banners/609331532/1478462933" , "profileBackgroundTiled" : false , "lang" : "en" , "statusesCount" : 11690 , "isGeoEnabled" : true , "isVerified" : false , "translator" : false , "listedCount" : 53 , "isFollowRequestSent" : false , "accessLevel" : 0}}
